<!DOCTYPE connections>
<qgsWFSConnections version="1.0">
    <wfs password="" referer="" username="" url="https://map.datapunt.amsterdam.nl/maps/bag?" name="datapunt BAG (WFS)"/>
    <wfs password="" referer="" username="" url="https://map.datapunt.amsterdam.nl/maps/bodem?" name="datapunt Bodem (WFS)"/>
    <wfs password="" referer="" username="" url="https://map.datapunt.amsterdam.nl/maps/gebieden?" name="datapunt Gebieden (WFS)"/>
    <wfs password="" referer="" username="" url="https://map.datapunt.amsterdam.nl/maps/planologischegeluidszones?" name="datapunt Geluidszones (WFS)"/>
    <wfs password="" referer="" username="" url="https://map.datapunt.amsterdam.nl/maps/meetbouten?" name="datapunt Meetbouten (WFS)"/>
    <wfs password="" referer="" username="" url="https://map.datapunt.amsterdam.nl/maps/nap?" name="datapunt NAP (WFS)"/>
    <wfs password="" referer="" username="" url="https://map.datapunt.amsterdam.nl/maps/panorama?" name="datapunt Panorama's (WFS)"/>
    <wfs password="" referer="" username="" url="https://map.datapunt.amsterdam.nl/maps/parkeervakken?" name="datapunt Parkeervakken (WFS)"/>
    <wfs password="" referer="" username="" url="https://map.datapunt.amsterdam.nl/maps/planologischezonesschiphol?" name="datapunt Schipholzones (WFS)"/>
    <wfs password="" referer="" username="" url="https://map.datapunt.amsterdam.nl/maps/topografie?" name="datapunt Topografie (WFS)"/>
    <wfs password="" referer="" username="" url="https://map.datapunt.amsterdam.nl/maps/wkpb?" name="datapunt WKPB (WFS)"/>
</qgsWFSConnections>
