<!DOCTYPE connections>
<qgsWMSConnections version="1.0">
    <wms ignoreGetMapURI="false" smoothPixmapTransform="false" dpiMode="7" password="" ignoreGetFeatureInfoURI="false" referer="" username="" url="https://map.datapunt.amsterdam.nl/maps/bag?" invertAxisOrientation="false" ignoreAxisOrientation="false" name="datapunt BAG (WMS)"/>
    <wms ignoreGetMapURI="false" smoothPixmapTransform="false" dpiMode="7" password="" ignoreGetFeatureInfoURI="false" referer="" username="" url="https://map.datapunt.amsterdam.nl/maps/bodem?" invertAxisOrientation="false" ignoreAxisOrientation="false" name="datapunt Bodem (WMS)"/>
    <wms ignoreGetMapURI="false" smoothPixmapTransform="false" dpiMode="7" password="" ignoreGetFeatureInfoURI="false" referer="" username="" url="https://map.datapunt.amsterdam.nl/maps/gebieden?" invertAxisOrientation="false" ignoreAxisOrientation="false" name="datapunt Gebieden (WMS)"/>
    <wms ignoreGetMapURI="false" smoothPixmapTransform="false" dpiMode="7" password="" ignoreGetFeatureInfoURI="false" referer="" username="" url="https://map.datapunt.amsterdam.nl/maps/planologischegeluidszones?" invertAxisOrientation="false" ignoreAxisOrientation="false" name="datapunt Geluidzones (WMS)"/>
    <wms ignoreGetMapURI="false" smoothPixmapTransform="false" dpiMode="7" password="" ignoreGetFeatureInfoURI="false" referer="" username="" url="https://map.datapunt.amsterdam.nl/maps/lufo?" invertAxisOrientation="false" ignoreAxisOrientation="false" name="datapunt Luchtfoto's (WMS)"/>
    <wms ignoreGetMapURI="false" smoothPixmapTransform="false" dpiMode="7" password="" ignoreGetFeatureInfoURI="false" referer="" username="" url="https://map.datapunt.amsterdam.nl/maps/meetbouten?" invertAxisOrientation="false" ignoreAxisOrientation="false" name="datapunt Meetbouten (WMS)"/>
    <wms ignoreGetMapURI="false" smoothPixmapTransform="false" dpiMode="7" password="" ignoreGetFeatureInfoURI="false" referer="" username="" url="https://map.datapunt.amsterdam.nl/maps/nap?" invertAxisOrientation="false" ignoreAxisOrientation="false" name="datapunt NAP (WMS)"/>
    <wms ignoreGetMapURI="false" smoothPixmapTransform="false" dpiMode="7" password="" ignoreGetFeatureInfoURI="false" referer="" username="" url="https://map.datapunt.amsterdam.nl/maps/panorama?" invertAxisOrientation="false" ignoreAxisOrientation="false" name="datapunt Panorama's (WMS)"/>
    <wms ignoreGetMapURI="false" smoothPixmapTransform="false" dpiMode="7" password="" ignoreGetFeatureInfoURI="false" referer="" username="" url="https://map.datapunt.amsterdam.nl/maps/parkeervakken?" invertAxisOrientation="false" ignoreAxisOrientation="false" name="datapunt Parkeervakken (WMS)"/>
    <wms ignoreGetMapURI="false" smoothPixmapTransform="false" dpiMode="7" password="" ignoreGetFeatureInfoURI="false" referer="" username="" url="https://map.datapunt.amsterdam.nl/maps/planologischezonesschiphol?" invertAxisOrientation="false" ignoreAxisOrientation="false" name="datapunt Schipholzones (WMS)"/>
    <wms ignoreGetMapURI="false" smoothPixmapTransform="false" dpiMode="7" password="" ignoreGetFeatureInfoURI="false" referer="" username="" url="https://map.datapunt.amsterdam.nl/maps/topografie?" invertAxisOrientation="false" ignoreAxisOrientation="false" name="datapunt Topografie (WMS)"/>
    <wms ignoreGetMapURI="false" smoothPixmapTransform="false" dpiMode="7" password="" ignoreGetFeatureInfoURI="false" referer="" username="" url="https://map.datapunt.amsterdam.nl/maps/wkpb?" invertAxisOrientation="false" ignoreAxisOrientation="false" name="datapunt WKPB (WMS)"/>
</qgsWMSConnections>
